Term,Expected,Observed,Enrichment Fold Change,P value,Q value,logQ
ABC-type transporter activity GO:0140359,0.02047847881559007,1,48.83175205566097,0.0001965184272313281,0.05600775176092851,1.2517518602435884
