Term,Expected,Observed,Enrichment Fold Change,P value,Q value,logQ
ABC-type transporter activity GO:0140359,0.016931924912831464,1,59.060030395136785,0.00013393580658245917,0.04192190746030972,1.3775589650357694
